Aa en Hunze;GM1680;32;49;77;87;80;1,261978941;1,944212991;3,050350592;3,440639089;3,149730304
Aalburg;GM0738;29;14;16;23;24;2,257512066;1,083423619;1,227182083;1,76015918;1,826067108
Aalsmeer;GM0358;39;56;64;60;75;1,267921584;1,801975738;2,044793763;1,912472508;2,380801219
Aalten;GM0197;56;41;32;58;118;2,073075926;1,523936961;1,189060642;2,144415277;4,376367615
Achtkarspelen;GM0059;167;175;110;109;110;5,960879497;6,253796948;3,927589531;3,907790485;3,939263716
Alblasserdam;GM0482;86;76;67;77;78;4,343214989;3,82968002;3,357554498;3,848460616;3,897466647
Albrandswaard;GM0613;56;65;52;60;73;2,233834616;2,584698584;2,081248749;2,389962159;2,893839689
Alkmaar;GM0361;417;420;450;588;814;4,395673898;4,409541408;4,181573201;5,425705665;7,502304147
Almelo;GM0141;238;184;312;369;408;3,284616128;2,545268429;4,307904729;5,091129845;5,61898335
Almere;GM0034;417;433;484;664;915;2,127409917;2,198728495;2,442655631;3,304896622;4,485360079
Alphen aan den Rijn;GM0484;224;248;307;341;423;3,063289754;2,309210771;2,843645795;3,13088188;3,857131133
Alphen-Chaam;GM1723;8;7;6;21;17;0,823299372;0,717727879;0,604594921;2,087890237;1,686006149
Ameland;GM0060;24;21;22;18;10;6,707657909;5,849582173;6,092495154;4,954582989;2,736726875
Amersfoort;GM0307;425;535;644;831;1.053;2,816490719;3,508633863;4,192653741;5,384321323;6,784138131
Amstelveen;GM0362;277;381;380;409;402;3,258248544;4,371170923;4,288842238;4,580374941;4,471883865
Amsterdam;GM0363;5.821;6.008;5.499;5.615;6.296;7,179621272;7,311208248;6,596499141;6,645387225;7,356033911
Apeldoorn;GM0200;560;704;826;902;764;3,554539973;4,45290609;5,194151863;5,635844471;4,740012781
Appingedam;GM0003;33;26;51;37;49;2,735411141;2,164682374;4,249645863;3,090802773;4,150431984
Arnhem;GM0202;728;830;910;1.002;1.164;4,826850016;5,450020684;5,916082643;6,435494126;7,400955003
Assen;GM0106;301;478;589;714;676;4,479833309;7,116801906;8,783048269;10,56979171;9,986999173
Asten;GM0743;19;28;23;54;41;1,155717762;1,690923365;1,38721351;3,230824459;2,453914293
Baarle-Nassau;GM0744;9;6;6;15;17;1,361161525;0,909228671;0,907578279;2,253267237;2,499632407
Baarn;GM0308;58;93;130;107;112;2,385456938;3,810538392;5,301578239;4,362183538;4,545823525
Barendrecht;GM0489;60;92;107;132;95;1,266437301;1,935986196;2,23564071;2,730431905;1,959368877
Barneveld;GM0203;113;119;117;115;124;2,087142831;2,175383434;2,110351545;2,039875124;2,161860595
Bedum;GM0005;12;26;18;25;22;1,143510577;2,490182933;1,725294738;2,385723829;2,099637335
Beek;GM0888;23;25;30;25;37;1,413557864;1,54187739;1,867064974;1,567299856;2,326751352
Beemster;GM0370;13;16;27;27;35;1,459034792;1,797147029;3,01406564;2,933188485;3,66568915
Beesel;GM0889;28;20;39;35;42;2,056253213;1,480275331;2,913056468;2,610966057;3,123605533
Bellingwedde;GM0007;11;16;12;24;16;1,233183857;1,747869784;1,337643518;2,690884628;1,817149347
Berg en Dal;GM1945;72;91;136;138;166;3,794066502;4,798818752;3,933591716;3,991438653;4,775054654
Bergeijk;GM1724;63;70;37;32;55;3,450920245;3,844252842;2,027064044;1,744629811;2,990105469
Bergen (L.);GM0893;13;13;27;33;32;0,982095641;0,988442822;2,062643239;2,520045819;2,440884821
Bergen (NH.);GM0373;56;64;91;103;108;1,861949727;2,132977837;3,039107638;3,451279989;3,607093951
Bergen op Zoom;GM0748;198;216;276;257;326;2,981074692;3,256936068;4,166855383;3,884287528;4,914745745
Berkelland;GM1859;88;85;92;86;147;1,970178659;1,915967902;2,070346783;1,944030019;3,337950453
Bernheze;GM1721;26;23;31;43;30;0,875715729;0,773655353;1,037483266;1,421393627;0,981932443
Best;GM0753;30;60;46;64;83;1,048327917;2,087900616;1,587520707;2,193283071;2,814131688
Beuningen;GM0209;43;49;54;46;47;1,700411262;1,938137806;2,13531575;1,809314034;1,82163482
Beverwijk;GM0375;156;208;234;286;277;3,890953533;5,176447165;5,803859318;7,025473483;6,741955897
Binnenmaas;GM0585;61;74;72;98;70;2,124695228;2,582356226;2,502519899;3,365153492;2,404919779
Bladel;GM1728;41;44;23;49;45;2,067157406;2,214505008;1,151958329;2,442306734;2,233804914
Blaricum;GM0376;17;17;15;18;23;1,869364416;1,825601375;1,558927458;1,764532889;2,130024079
Bloemendaal;GM0377;61;69;119;129;119;2,765311211;3,100287563;5,33728023;5,651450101;5,128647158
Bodegraven-Reeuwijk;GM1901;51;113;68;62;75;1,549680948;3,402794507;2,032824131;1,837962826;2,208610637
Boekel;GM0755;12;9;15;23;14;1,189414213;0,88941595;1,462843768;2,208565393;1,33295249
Borger-Odoorn;GM1681;64;39;49;46;68;2,497366059;1,52929182;1,93133893;1,814237823;2,681916782
Borne;GM0147;32;39;41;67;54;1,462255529;1,773372135;1,83502663;2,939241062;2,334327584
Borsele;GM0654;30;66;66;58;60;1,328668232;2,92449486;2,918804175;2,556417489;2,640728841
Boxmeer;GM0756;83;63;52;78;65;2,948804491;2,222849481;1,826804848;2,71691804;2,249991346
Boxtel;GM0757;65;78;71;102;163;2,143799472;2,571117777;2,335065448;3,327352797;5,312907432
Breda;GM0758;490;595;801;935;1.195;2,727935732;3,288437412;4,410525794;5,128795857;6,503436753
Brielle;GM0501;25;32;29;55;57;1,532614026;1,9432805;1,742788462;3,267391433;3,34782098
Bronckhorst;GM1876;42;54;73;73;88;1,137225171;1,470347982;1,999452205;2,004943697;2,420774648
Brummen;GM0213;76;42;70;95;61;3,588799169;2,001620359;3,343203744;4,557885141;2,937635444
Brunssum;GM0899;58;63;74;100;75;2,002900753;2,198492462;2,601237345;3,526341773;2,656559932
Bunnik;GM0312;29;51;54;86;37;1,982770409;3,478379484;3,655317133;5,674320401;2,432130415
Bunschoten;GM0313;18;36;33;45;44;0,878391567;1,743594711;1,584786054;2,140818268;2,069127675
Buren;GM0214;49;35;34;39;50;1,883239171;1,340123291;1,297610869;1,48018825;1,896885314
Capelle aan den IJssel;GM0502;216;255;244;246;380;3,263924567;3,835855471;3,669945552;3,703647943;5,683177794
Castricum;GM0383;105;121;177;162;205;3,062295847;3,521434184;5,115015605;4,600181736;5,757294914
Coevorden;GM0109;62;76;89;128;154;1,733344516;2,138736457;2,515474407;3,627500992;4,363718795
Cranendonck;GM1706;41;59;41;65;51;2,015336217;2,872164346;1,984511133;3,143741536;2,507991148
Cromstrijen;GM0611;15;28;19;44;35;1,177578898;2,190237797;1,489611917;3,438305853;2,728406611
Cuijk;GM1684;50;47;74;70;78;2,017512004;1,906771066;3,007152146;2,83446712;3,13064419
Culemborg;GM0216;112;116;128;157;151;4,059441827;4,208998549;4,630299523;5,634510479;5,355559496
Dalfsen;GM0148;27;39;43;24;29;0,97564501;1,409112259;1,540335292;0,855005344;1,026476002
Dantumadiel;GM1891;43;78;353;495;151;2,259590121;4,092554699;18,56429135;26,13240418;7,984770768
De Bilt;GM0310;82;138;126;150;140;1,950708916;3,272546183;2,973451327;3,508443654;3,267134956
De Fryske Marren;GM1940;254;229;146;257;275;4,9609375;4,47265625;2,848558161;5,011993681;5,331007076
De Marne;GM1663;34;44;29;33;45;3,33039475;4,331987792;2,871002871;3,271213323;4,470938897
De Ronde Venen;GM0736;67;95;68;114;100;1,571220862;2,230675308;1,597143931;2,665855997;2,292526364
De Wolden;GM1690;21;21;32;30;19;0,89047195;0,887536452;1,348958772;1,263477089;0,794513674
Delft;GM0503;415;341;475;529;831;4,148091878;3,375235079;4,701387652;5,217940245;8,124755573
Delfzijl;GM0010;91;108;163;124;186;3,541131606;4,250462435;6,502313707;4,966953735;7,477086348
Den Helder;GM0400;367;428;559;525;637;6,484442638;7,577501195;9,93336295;9,371652981;11,42355009
Deurne;GM0762;47;74;89;63;61;1,484569949;2,329608059;2,791894096;1,972880719;1,897946484
Deventer;GM0150;498;477;535;640;588;5,064990541;4,840673838;5,41120068;6,445440354;5,903318107
Diemen;GM0384;110;147;135;202;157;4,242190513;5,512637816;5,029806259;7,406864183;5,576868429
Dinkelland;GM1774;17;11;27;43;50;0,655181717;0,424251774;1,033690658;1,638469745;1,901574504
Doesburg;GM0221;26;16;21;30;43;2,273323424;1,409070894;1,852505293;2,645269377;3,796574254
Doetinchem;GM0222;263;297;348;459;559;4,667755218;5,258126195;6,123849579;8,043036378;9,742579779
Dongen;GM0766;24;32;110;101;72;0,946446881;1,260090569;4,328493291;3,959386883;2,793621232
Dongeradeel;GM0058;70;103;181;148;107;2,897350993;4,294708752;7,563095437;6,192209531;4,49825535
Dordrecht;GM0505;355;522;610;654;693;2,990959719;4,390280827;5,134636914;5,508249741;5,849779684
Drechterland;GM0498;19;31;33;28;41;0,987012987;1,606717114;1,701030928;1,444490301;2,108728077
Drimmelen;GM1719;25;27;42;54;51;0,936504963;1,011122346;1,566287526;2,009751014;1,884422111
Dronten;GM0303;55;72;88;139;163;1,36094821;1,783811907;2,16791486;3,411377804;3,998331984
Druten;GM0225;26;29;36;59;56;1,42778693;1,585219198;1,955777693;3,178365566;2,993691864
Duiven;GM0226;56;45;45;86;64;2,186731227;1,761390324;1,769354775;3,386093393;2,515130079
Echt-Susteren;GM1711;71;85;122;116;121;2,220415311;2,660656713;3,819303134;3,646078894;3,810183582
Edam-Volendam;GM0385;30;60;48;46;64;1,037344398;2,062777186;1,642485628;1,284916201;1,779953276
Ede;GM0228;414;434;510;607;700;3,741324465;3,889760251;4,536276873;5,351742623;6,107136625
Eemnes;GM0317;10;23;27;26;31;1,1390819;2,611558987;3,041568097;2,889209912;3,402480518
Eemsmond;GM1651;49;55;64;97;96;3,076343546;3,48763475;4,046791021;6,195707716;6,170458928
Eersel;GM0770;36;40;39;42;41;1,979871308;2,180192947;2,102312544;2,263662822;2,183871311
Eijsden-Margraten;GM1903;28;21;30;47;71;1,120941591;0,841110266;1,194124905;1,857927818;2,777451786
Eindhoven;GM0772;907;1.007;1.196;1.413;2.007;4,105558573;4,511466832;5,321349914;6,228291341;8,757155822
Elburg;GM0230;50;75;74;89;127;2,207992934;3,28328153;3,227354006;3,865195866;5,495218727
Emmen;GM0114;276;307;390;493;600;2,554325695;2,848527024;3,62507436;4,58647316;5,596179675
Enkhuizen;GM0388;30;90;81;106;89;1,632564214;4,905968929;4,389054457;5,736241139;4,817320704
Enschede;GM0153;381;484;560;622;796;2,402481934;3,052607015;3,536447512;3,933223726;5,029189517
Epe;GM0232;67;133;77;90;151;2,071033353;4,128639722;2,385230159;2,766081692;4,596371606
Ermelo;GM0233;146;171;145;189;163;5,605682473;6,529209622;5,470253141;7,107935314;6,082543473
Etten-Leur;GM0777;103;99;122;198;273;2,431711405;2,329247347;2,848337691;4,601761685;6,271825032
Ferwerderadiel;GM1722;22;37;21;29;23;2,502844141;4,234378576;2,413515688;3,319977104;2,652825836
Franekeradeel;GM0070;160;214;302;188;225;7,825874297;10,52735144;14,90254133;9,300024734;11,1286972
Geertruidenberg;GM0779;29;37;69;49;42;1,344397571;1,715027348;3,19001387;2,278645833;1,950856984
Geldermalsen;GM0236;36;74;59;58;60;1,368821293;2,811229723;2,239429135;2,181517283;2,236886254
Geldrop-Mierlo;GM1771;73;82;107;112;121;1,878828435;2,109107745;2,751137737;2,866062746;3,082174334
Gemert-Bakel;GM1652;79;78;54;101;108;2,69486611;2,642903127;1,821432185;3,363975486;3,558249868
Gennep;GM0907;13;28;23;49;46;0,752053685;1,62037037;1,346210126;2,860645689;2,698263726
Giessenlanden;GM0689;8;22;28;32;33;0,553939898;1,521017699;1,925192519;2,192381474;2,267885369
Gilze en Rijen;GM0784;35;91;88;87;91;1,342590817;3,49127182;3,364943408;3,318077803;3,456527519
Goeree-Overflakkee;GM1924;67;94;87;100;179;1,388744948;1,949964735;1,800459428;2,055371714;3,642950179
Goes;GM0664;303;309;435;316;442;8,199383017;8,316959599;11,6913484;8,477759296;11,73877247
Goirle;GM0785;31;24;21;38;45;1,342107542;1,042843487;0,908658215;1,629712227;1,910503524
Gooise Meren;GM1942;122;170;140;163;148;2,152168928;2,998923916;2,469702048;2,875438813;2,610827879
Gorinchem;GM0512;114;107;137;130;222;3,234776687;3,027901975;3,885422575;3,635855125;6,11637646
Gouda;GM0513;396;405;408;405;495;5,582103438;5,695801983;5,73122252;5,644441967;6,809739992
Grave;GM0786;24;26;22;31;23;1,890508074;2,024922118;1,740093332;2,506063056;1,85304544
Groningen;GM0014;1.040;947;1.251;1.367;1.550;5,244129348;4,727058542;6,225367252;6,780653066;7,639231148
Grootegast;GM0015;26;37;50;20;46;2,137279079;3,052049823;4,113533525;1,643925695;3,787878788
Gulpen-Wittem;GM1729;37;38;37;58;53;2,554542944;2,621231979;2,550317066;4,045476739;3,728193585
Haaksbergen;GM0158;55;60;66;83;61;2,259283602;2,468424734;2,712477396;3,419578115;2,510804692
Haaren;GM0788;25;27;24;20;38;1,839994112;1,996598388;1,768607222;1,437607821;2,693316323
Haarlem;GM0392;577;896;1.026;1.145;1.117;3,719053543;5,719939992;6,487922094;7,190901155;6,989156483
Haarlemmerliede en Spaarnwoude;GM0393;11;15;24;21;27;1,987353207;2,691065662;4,302617426;3,706972639;4,601226994
Haarlemmermeer;GM0394;254;259;353;367;447;1,761063849;1,796714579;2,442602306;2,51364698;3,034582015
Halderberge;GM1655;28;33;49;87;106;0,954328562;1,119251119;1,659273306;2,941275905;3,546573876
Hardenberg;GM0160;97;108;102;195;252;1,62814509;1,8127801;1,708914839;3,238610885;4,161643519
Harderwijk;GM0243;161;148;196;219;250;3,520510802;3,233135267;4,264021233;4,724715223;5,338002306
Hardinxveld-Giessendam;GM0523;18;30;21;17;38;1,013627661;1,68520391;1,181501069;0,951208594;2,116166398
Haren;GM0017;49;47;69;94;78;2,608880843;2,483618685;3,617110505;4,803270312;3,924923263
Harlingen;GM0072;111;97;98;123;94;7,015991404;6,147411116;6,197432492;7,755359395;5,953511939
Hattem;GM0244;23;16;20;24;17;1,960450051;1,353523391;1,682085786;1,993355482;1,398371309
Heemskerk;GM0396;73;127;134;157;131;1,867580843;3,244928203;3,409755973;4,008067193;3,346190196
Heemstede;GM0397;50;52;125;130;145;1,896525565;1,963746224;4,670103863;4,826254826;5,35450517
Heerde;GM0246;22;43;30;71;65;1,189832342;2,322817632;1,616727743;3,825224934;3,493121238
Heerenveen;GM0074;337;483;405;463;400;7,782730191;9,632835404;8,053290913;9,222556421;7,96812749
Heerhugowaard;GM0398;134;145;172;194;235;2,51374116;2,707547522;3,189496912;3,530482257;4,206343524
Heerlen;GM0917;505;437;446;687;521;5,721796077;4,994285714;5,102624534;7,879434332;6,000990567
Heeze-Leende;GM1658;15;31;19;23;30;0,977007751;2,002972152;1,214057508;1,463662976;1,887861053
Heiloo;GM0399;76;84;97;178;198;3,357483654;3,724559926;4,275199436;7,787548672;8,570686521
Hellendoorn;GM0163;30;34;73;73;60;0,840077287;0,954466341;2,047628398;2,040702225;1,675603217
Hellevoetsluis;GM0530;48;115;107;117;139;1,232254255;2,957666787;2,769581198;3,021538144;3,585061385
Helmond;GM0794;222;334;368;425;535;2,487227749;3,722775809;4,083127143;4,690845677;5,88740206
Hendrik-Ido-Ambacht;GM0531;33;42;41;42;68;1,141434056;1,440526821;1,394178455;1,412666913;2,216355399
Hengelo;GM0164;150;262;257;267;353;1,852835456;3,232213573;3,169904409;3,304373654;4,379217944
het Bildt;GM0063;27;54;45;47;46;2,540937324;5,098187311;4,275534442;4,479176594;4,368471035
Heumen;GM0252;28;34;46;65;72;1,714215746;2,07532198;2,811735941;3,945371775;4,376367615
Heusden;GM0797;70;91;102;92;138;1,621684235;2,109802467;2,357073531;2,114164905;3,154502023
Hillegom;GM0534;66;68;63;107;85;3,151260504;3,222596085;2,987339371;5,019703509;3,895330187
Hilvarenbeek;GM0798;3;35;27;21;40;0,198780811;2,326818242;1,780532841;1,37407577;2,603149811
Hilversum;GM0402;258;270;320;411;564;2,985212783;3,097715721;3,643402027;4,623796238;6,298016795
Hof van Twente;GM1735;50;79;89;147;124;1,428693888;2,262508234;2,551532353;4,198680415;3,549550581
Hollands Kroon;GM1911;58;57;104;121;136;1,221001221;1,198839019;2,187355403;2,542016807;2,851990102
Hoogeveen;GM0118;129;161;157;235;203;2,359871213;2,934742982;2,842143374;4,24870279;3,645505971
Hoogezand-Sappemeer;GM0018;79;154;145;181;171;2,302938433;4,485349799;4,242619305;5,287450339;5,005708264
Hoorn;GM0405;273;326;361;370;387;3,807372076;4,535336672;5,00193981;5,10394107;5,315349962
Horst aan de Maas;GM1507;91;103;84;99;109;2,180842141;2,472336238;2,015596881;2,349367569;2,57890503
Houten;GM0321;76;111;90;130;133;1,569566923;2,28221313;1,845585974;2,636916836;2,682208688
Huizen;GM0406;79;105;73;111;124;1,915383683;2,541449837;1,764435743;2,682325649;2,997775844
Hulst;GM0677;201;145;93;110;125;7,338980575;5,299707602;3,397632617;4,015331265;4,550584295
IJsselstein;GM0353;54;64;68;59;64;1,575492341;1,878981827;1,99407642;1,72474275;1,865943614
Kaag en Braassem;GM1884;33;32;74;34;98;1,281802292;1,238198421;2,834380267;1,289148404;3,679783719
Kampen;GM0166;146;134;153;178;156;2,857590229;2,605381863;2,945139557;3,389765954;2,929137407
Kapelle;GM0678;30;22;13;21;23;2,4;1,753686728;1,028562386;1,663761686;1,809598741
Katwijk;GM0537;169;160;173;224;262;2,691854353;2,514418619;2,693068074;3,471146098;4,034493379
Kerkrade;GM0928;258;266;190;259;242;5,514705882;5,717479151;4,128370597;5,638156606;5,285112145
Koggenland;GM1598;26;45;42;46;48;1,15632644;2,006599483;1,869075698;2,042447385;2,117242292
Kollumerland en Nieuwkruisland;GM0079;47;52;67;58;67;3,649635036;4,051421893;5,229880571;4,505904288;5,220914829
Korendijk;GM0588;9;13;13;16;16;0,840964306;1,206160698;1,200923788;1,459987225;1,441571313
Krimpen aan den IJssel;GM0542;44;60;52;52;69;1,526452732;2,071108043;1,789770772;1,785530337;2,355752817
Krimpenerwaard;GM1931;107;159;90;121;160;1,922178709;2,856321633;1,61678583;2,173678727;2,87428592
Laarbeek;GM1659;44;38;31;49;41;2,018163471;1,734130425;1,411336217;2,233160149;1,850264001
Landerd;GM1685;11;19;20;22;27;0,720555483;1,24264225;1,306933281;1,434907383;1,760104302
Landgraaf;GM0882;112;100;104;142;182;2,980863918;2,669799231;2,775924196;3,790912489;4,841584422
Landsmeer;GM0415;12;20;19;29;31;1,148985063;1,847916474;1,730891865;2,572062084;2,7100271
Langedijk;GM0416;34;46;25;52;70;1,262298125;1,685784439;0,910846358;1,883512025;2,514277504
Lansingerland;GM1621;58;55;61;97;103;1,01537061;0,946106342;1,033285339;1,613842442;1,683721843
Laren;GM0417;36;31;37;34;44;3,314306758;2,855300728;3,377144943;3,066378066;3,951149425
Leek;GM0022;36;65;43;52;30;1,83701587;3,337098265;2,201064701;2,647253475;1,524700142
Leerdam;GM0545;44;34;33;50;69;2,136959689;1,653053287;1,593356188;2,391772303;3,281651289
Leeuwarden;GM0080;717;867;1.230;1.629;1.078;7,444091447;8,050812046;11,39976088;14,99075156;9,898080984
Leeuwarderadeel;GM0081;43;33;24;33;50;4,183693326;3,228646903;2,358722359;3,264740799;4,955892556
Leiden;GM0546;597;573;567;615;885;4,927246767;4,713644066;4,626267736;4,973273708;7,118725869
Leiderdorp;GM0547;74;80;65;81;130;2,759855294;2,979182959;2,410264017;2,985844884;4,776953039
Leidschendam-Voorburg;GM1916;93;152;191;192;336;1,267789956;2,054637127;2,573326327;2,573588548;4,483168105
Lelystad;GM0995;283;269;364;488;646;3,716739776;3,520113062;4,740077091;6,342851944;8,348626225
Leudal;GM1640;43;46;86;102;91;1,187222176;1,269175588;2,379634754;2,842967835;2,538849985
Leusden;GM0327;46;103;75;117;142;1,586371004;3,544146996;2,55894094;3,942447013;4,771184732
Lingewaal;GM0733;13;16;28;25;23;1,175406872;1,444173662;2,519798416;2,240544901;2,065188112
Lingewaard;GM1705;50;47;58;64;74;1,092275428;1,026469817;1,262241567;1,385821316;1,595412112
Lisse;GM0553;134;59;61;56;108;5,999283668;2,617684902;2,698398655;2,465114232;4,746418212
Littenseradiel;GM0140;174;275;56;25;30;15,92531576;25,27805865;5,169389827;2,32644705;2,806098588
Lochem;GM0262;63;75;65;134;145;1,894850818;2,256046204;1,9500195;3,994634074;4,320362315
Loon op Zand;GM0809;16;19;21;35;50;0,693240901;0,827526132;0,915870731;1,515610791;2,162068667
Lopik;GM0331;22;7;16;22;18;1,571540824;0,496489113;1,130262786;1,548423423;1,25121646
Loppersum;GM0024;7;46;25;33;41;0,686543743;4,536489152;2,489543916;3,328626185;4,21247303
Losser;GM0168;14;21;38;43;31;0,619140279;0,934704233;1,693102834;1,912641224;1,374844776
Maasdriel;GM0263;20;39;37;55;29;0,827951648;1,612569775;1,536289653;2,268041237;1,192091092
Maasgouw;GM1641;32;31;30;72;70;1,338520099;1,304384415;1,262785705;3,02851855;2,952838944
Maassluis;GM0556;62;58;67;107;122;1,932668329;1,801186299;2,074817292;3,297380586;3,752114409
Maastricht;GM0935;400;379;415;535;624;3,265626021;3,096481123;3,386842728;4,358345621;5,084911503
Marum;GM0025;16;31;23;25;15;1,541722875;3,006497915;2,231926249;2,406623027;1,42993327
Medemblik;GM0420;79;90;70;115;87;1,823638042;2,064030823;1,600914808;2,610195651;1,955979226
Meerssen;GM0938;30;20;28;50;34;1,558117794;1,049152809;1,470588235;2,621644295;1,785995693
Meierijstad;GM1948;105;158;123;203;167;1,318548843;1,984102068;1,544585787;2,549194429;2,09712054
Menameradiel;GM1908;37;43;39;31;35;2,706063044;3,158977373;2,879716459;2,304147465;2,604748084
Menterwolde;GM1987;13;29;72;25;27;1,060531898;2,377633844;5,885718957;2,055582963;2,247939389
Meppel;GM0119;173;228;327;259;181;5,2636383;6,951431446;9,97133622;7,842543528;5,416080673
Middelburg;GM0687;539;492;430;459;364;11,31354687;10,33331233;8,982098469;9,558716341;7,535763824
Midden-Delfland;GM1842;13;11;25;25;60;0,70437798;0,587952322;1,324643671;1,313439109;3,102859802
Midden-Drenthe;GM1731;74;89;94;109;159;2,21782653;2,673957457;2,810164425;3,263570766;4,793921669
Mill en Sint Hubert;GM0815;19;10;11;14;9;1,751152074;0,923275782;1,01842422;1,295456648;0,831178426
Moerdijk;GM1709;48;58;61;67;76;1,306869231;1,575401999;1,659322126;1,813555652;2,055943299
Molenwaard;GM1927;64;56;18;23;51;2,20446404;1,931500707;0,619258953;0,787347665;1,740436133
Montferland;GM1955;44;101;111;147;95;1,257609969;2,873399716;3,155829756;4,1624193;2,667939789
Montfoort;GM0335;9;17;7;13;13;0,659872425;1,243417203;0,507872016;0,937545074;0,936801902
Mook en Middelaar;GM0944;13;10;10;18;11;1,667521806;1,288327751;1,289490651;2,31511254;1,415337108
Neder-Betuwe;GM1740;66;59;85;62;33;2,92358804;2,595916931;3,687795566;2,660601639;1,397476074
Nederweert;GM0946;24;20;20;26;37;1,432750284;1,192179304;1,190972429;1,541745731;2,171743852
Neerijnen;GM0304;13;12;14;22;22;1,081530782;0,996843329;1,15492493;1,782242385;1,77405048
Nieuwegein;GM0356;190;210;186;236;257;3,112814968;3,427787934;3,012194529;3,814572962;4,115424033
Nieuwkoop;GM0569;62;56;41;47;38;2,287485242;2,065353692;1,494550359;1,683742925;1,34432377
Nijkerk;GM0267;70;84;90;95;110;1,722059583;2,055297284;2,184519042;2,274087373;2,599059613
Nijmegen;GM0268;729;768;885;1.288;1.005;4,331756709;4,499622102;5,143435001;7,421235797;5,712564231
Nissewaard;GM1930;143;259;203;188;283;1,674335827;3,032538317;2,376854356;2,201224724;3,313545728
Noord-Beveland;GM1695;21;28;33;55;46;2,788844622;3,766985067;4,446840049;7,450555405;6,290168194
Noordenveld;GM1699;50;73;93;90;70;1,608389359;2,344477631;2,996230549;2,72884388;2,157497303
Noordoostpolder;GM0171;97;93;104;120;176;2,09250151;2,000903634;2,239496975;2,578205569;3,775851712
Noordwijk;GM0575;113;105;112;138;159;4,398427465;4,100921731;4,347826087;5,334982797;6,100368324
Noordwijkerhout;GM0576;37;43;55;41;41;2,318876912;2,676959472;3,407682776;2,512562814;2,467649714
Nuenen, Gerwen en Nederwetten;GM0820;27;75;59;44;56;1,193633952;3,315649867;2,591925493;1,924254351;2,43647755
Nunspeet;GM0302;56;69;127;54;95;2,098950525;2,580017948;4,732625303;2,008032129;3,502691542
Nuth;GM0951;25;12;15;28;28;1,604312392;0,774443369;0,972447326;1,829467494;1,842953992
Oegstgeest;GM0579;79;80;142;111;118;3,448275862;3,478714615;6,11831617;4,701796001;4,939511909
Oirschot;GM0823;13;19;16;25;10;0,723025584;1,050943083;0,879169185;1,351424401;0,538764075
Oisterwijk;GM0824;62;60;54;69;70;2,402914503;2,331727032;2,09018773;2,660394818;2,675534151
Oldambt;GM1895;76;110;154;197;195;1,970954357;2,86309214;4,028460814;5,169518211;5,121201775
Oldebroek;GM0269;28;48;55;59;72;1,226187869;2,086865788;2,380540166;2,536979704;3,06343871
Oldenzaal;GM0173;35;41;75;86;125;1,089087345;1,276463263;2,335720959;2,686996188;3,91554943
Olst-Wijhe;GM1773;13;36;38;33;49;0,731570062;2,018050339;2,1245667;1,83772345;2,718748266
Ommen;GM0175;26;23;42;27;38;1,497609585;1,326336428;2,373417722;1,540128914;2,158477705
Onderbanken;GM0881;15;13;36;68;25;1,903311762;1,652682431;4,57491422;8,645899555;3,182686187
Oost Gelre;GM1586;105;65;74;78;76;3,535353535;2,200927776;2,505332295;2,632111764;2,561250969
Oosterhout;GM0826;84;152;173;204;237;1,563750768;2,82564646;3,202636158;3,735990037;4,295890808
Ooststellingwerf;GM0085;112;190;315;187;177;4,362729822;7,416949682;12,31864221;7,321848081;6,952627858
Oostzaan;GM0431;23;12;19;23;14;2,516686727;1,306193534;1,999158249;2,382925818;1,438109913
Opmeer;GM0432;24;16;12;7;22;2,111189303;1,415803911;1,058574453;0,61295972;1,908562505
Opsterland;GM0086;115;119;124;115;118;3,850919198;3,985398037;4,156889038;3,869708594;3,964787313
Oss;GM0828;139;159;198;216;212;1,63617958;1,866854526;2,199926669;2,390015048;2,330361756
Oud-Beijerland;GM0584;47;64;70;76;65;1,981868016;2,700194076;2,934887426;3,164688736;2,675227394
Oude IJsselstreek;GM1509;62;99;109;97;130;1,565854275;2,50265433;2,748568979;2,45147594;3,288724734
Ouder-Amstel;GM0437;31;42;59;69;75;2,335920428;3,160508691;4,399373648;5,141962888;5,560085996
Oudewater;GM0589;16;13;5;18;22;1,620581384;1,309955663;0,497561946;1,766957888;2,161737251
Overbetuwe;GM1734;64;49;64;68;90;1,371477553;1,046270792;1,361644185;1,434780774;1,895016108
Papendrecht;GM0590;69;101;94;145;124;2,148394931;3,137815335;2,914909452;4,490276229;3,843054609
Peel en Maas;GM1894;81;70;75;80;101;1,870065106;1,61112134;1,731461815;1,845571781;2,331755743
Pekela;GM0765;23;29;21;31;24;1,810168424;2,287427039;1,661260976;2,476631781;1,958703991
Pijnacker-Nootdorp;GM1926;36;43;27;76;87;0,70490102;0,839794543;0,520291363;1,443330295;1,621802998
Purmerend;GM0439;285;321;389;442;361;3,581481854;4,032106116;4,869256093;5,529976979;4,514813842
Putten;GM0273;46;92;100;65;80;1,9269437;3,774049309;4,078968837;2,660880956;3,289203191
Raalte;GM0177;69;95;76;107;117;1,889427421;2,595415676;2,070844687;2,899179018;3,148546825
Reimerswaal;GM0703;51;50;46;31;36;2,325899576;2,266751292;2,066022906;1,386652353;1,595391092
Renkum;GM0274;133;147;147;185;180;4,211526282;4,68033622;4,703397965;5,893408939;5,746575998
Renswoude;GM0339;2;4;5;14;8;0,406173842;0,803858521;0,98990299;2,74455989;1,544103455
Reusel-De Mierden;GM1667;22;25;23;26;47;1,730512074;1,95710036;1,795332136;2,014254726;3,604294479
Rheden;GM0275;121;131;186;211;188;2,77268561;3,00286533;4,244249726;4,834459846;4,322335901
Rhenen;GM0340;44;49;50;47;68;2,301736765;2,537808162;2,577319588;2,398326274;3,432956381
Ridderkerk;GM0597;53;74;70;77;101;1,17119307;1,639017475;1,552209681;1,695736434;2,205384632
Rijnwaarden;GM0196;14;24;11;16;14;1,282403591;2,19941349;1,012332045;1,474382602;1,292108906
Rijssen-Holten;GM1742;41;42;56;87;143;1,088659356;1,110229976;1,478547855;2,290498381;3,753083828
Rijswijk;GM0603;218;172;269;290;430;4,576562959;3,567280571;5,453292248;5,683265722;8,238021342
Roerdalen;GM1669;32;47;74;84;49;1,53609831;2,270641094;3,577298656;4,057971014;2,363838101
Roermond;GM0957;145;161;173;271;253;2,547032268;2,824313657;3,034555341;4,722077017;4,376784015
Roosendaal;GM1674;199;190;231;294;380;2,583509678;2,471576866;3,001559252;3,810116247;4,936860157
Rotterdam;GM0599;2.399;3.008;3.192;3.468;4.044;3,879635874;4,823202684;5,069837327;5,464343113;6,331105548
Rozendaal;GM0277;0;0;1;5;0;0;0;0,667556742;3,337783712;0
Rucphen;GM0840;28;19;37;43;52;1,262398557;0,854585526;1,660980427;1,924367868;2,321014105
's-Gravenhage;GM0518;1.514;1.961;2.699;3.234;4.633;2,97481039;3,808794995;5,190504396;6,161384845;8,709710773
's-Hertogenbosch;GM0796;392;517;628;697;772;2,727279052;3,586044253;4,142261622;4,57316073;5,031643301
Schagen;GM0441;100;117;168;131;168;2,174953239;2,535925613;3,639593579;2,835927521;3,62225097
Scherpenzeel;GM0279;12;14;17;15;18;1,263423879;1,470279353;1,784027705;1,545754328;1,84539676
Schiedam;GM0606;224;341;298;257;314;2,930019621;4,436118591;3,864709239;3,301729233;4,029929284
Schiermonnikoog;GM0088;6;2;4;13;11;6,369426752;2,159827214;4,352557127;13,81509033;11,78992497
Schinnen;GM0962;14;23;37;34;52;1,085187195;1,770320197;2,854938272;2,624671916;4,025702563
Schouwen-Duiveland;GM1676;155;152;128;164;143;4,578754579;4,494249135;3,794278939;4,857100548;4,244079065
Simpelveld;GM0965;29;18;14;22;35;2,67428993;1,659904094;1,303416814;2,081165453;3,314393939
Sint Anthonis;GM1702;19;16;7;37;16;1,625181764;1,377884947;0,603760566;3,191305848;1,382050618
Sint-Michielsgestel;GM0845;21;37;47;36;41;0,746772874;1,303046311;1,654754779;1,259445844;1,430066271
Sittard-Geleen;GM1883;329;395;355;395;427;3,511543265;4,214502155;3,79455935;4,232792893;4,593274671
Sliedrecht;GM0610;62;89;91;113;112;2,527723418;3,594797641;3,644665171;4,517831441;4,47695567
Slochteren;GM0040;10;21;11;18;19;0,643169539;1,347622409;0,700726207;1,141407736;1,28517316
Sluis;GM1714;95;87;84;72;107;3,988245172;3,663620668;3,553449808;3,043367994;4,547966167
Smallingerland;GM0090;538;406;352;315;447;9,699460941;7,297564483;6,349320875;5,655803932;7,99670829
Soest;GM0342;120;154;162;147;194;2,637768448;3,388040656;3,56145712;3,204429524;4,208790732
Someren;GM0847;12;31;20;26;18;0,642054575;1,658197379;1,057417786;1,365833158;0,940733772
Son en Breugel;GM0848;22;15;48;47;76;1,355097013;0,917767988;2,922374429;2,82689763;4,538668259
Stadskanaal;GM0037;106;106;122;94;101;3,231411761;3,250536645;3,739922136;2,914547935;3,128581606
Staphorst;GM0180;16;18;32;24;27;0,977576831;1,096157359;1,934235977;1,437900665;1,607525601
Stede Broec;GM0532;29;58;52;58;70;1,349778916;2,697925388;2,41939236;2,691165553;3,230272266
Steenbergen;GM0851;30;32;29;47;71;1,283477368;1,353752433;1,235251523;1,960784314;2,861287983
Steenwijkerland;GM1708;96;155;160;160;137;2,214532872;3,586385617;3,692336095;3,682563064;3,129854702
Stein;GM0971;29;79;36;33;53;1,142181961;3,143152702;1,436323013;1,316892135;2,121102974
Stichtse Vecht;GM1904;124;120;131;135;160;1,941869206;1,87667141;2,04492593;2,094647013;2,479659047
Strijen;GM0617;8;6;8;16;10;0,921340551;0,688389169;0,912616929;1,821286283;1,13662196
Súdwest-Fryslân;GM1900;365;424;503;627;622;4,422794964;5,037783375;5,984675424;7,450272107;7,384980706
Ten Boer;GM0009;4;96;18;60;117;0,53483086;12,88244767;2,448313384;8,232711306;16,05378705
Terneuzen;GM0715;254;333;331;242;319;4,642746166;6,101471316;6,055948918;4,433208764;5,859662013
Terschelling;GM0093;22;31;36;20;14;4,60251046;6,422208411;7,392197125;4,116073266;2,852485738
Texel;GM0448;46;43;58;61;67;3,39433294;3,166188057;4,272874613;4,503506829;4,932636384
Teylingen;GM1525;117;104;118;131;156;3,274101021;2,91757841;3,276594563;3,629512648;4,262528007
Tholen;GM0716;88;47;34;29;44;3,463476071;1,847484277;1,337476889;1,136052023;1,719556042
Tiel;GM0281;230;197;313;340;273;5,508322357;4,736715557;7,540351722;8,195140764;6,583230847
Tilburg;GM0855;545;705;818;961;1.110;2,591905645;3,331002419;3,841439648;4,494770912;5,147682847
Tubbergen;GM0183;9;5;11;20;15;0,424408186;0,236496074;0,520833333;0,945492365;0,707013575
Twenterand;GM1700;29;42;40;53;53;0,854726046;1,239889;1,181823554;1,565962476;1,56319127
Tynaarlo;GM1730;95;101;106;105;123;2,923706645;3,101013202;3,231313254;3,155048077;3,675481847
Tytsjerksteradiel;GM0737;87;91;125;147;171;2,721045882;2,847576431;3,896873149;4,599067672;5,364032749
Uden;GM0856;177;149;205;168;155;4,326253269;3,626274672;4,970058428;4,059539919;3,714176172
Uitgeest;GM0450;39;26;30;73;30;2,946954813;1,95621097;2,245508982;5,421463052;2,217950614
Uithoorn;GM0451;65;115;107;111;123;2,287282708;4,002645226;3,666769473;3,801239684;4,180118946
Urk;GM0184;22;23;10;34;64;1,129943503;1,167216443;0,500325211;1,681503462;3,118452468
Utrecht;GM0344;1.130;1.317;1.401;1.778;2.161;3,443400251;3,941037058;4,133145704;5,183099248;6,218239786
Utrechtse Heuvelrug;GM1581;151;144;178;233;226;3,149047986;2,98860594;3,669649116;4,751707964;4,5804621
Vaals;GM0981;67;65;55;77;74;6,9179143;6,705178461;5,71013289;7,929969104;7,494429816
Valkenburg aan de Geul;GM0994;37;45;58;66;71;2,218890555;2,707907089;3,511320983;4,01459854;4,321889457
Valkenswaard;GM0858;78;64;76;99;113;2,571287292;2,116822121;2,511400436;3,244199764;3,685824255
Veendam;GM0047;58;102;122;97;141;2,086931491;3,682975266;4,441693669;3,523812984;5,123360343
Veenendaal;GM0345;195;225;189;301;346;3,082906469;3,54665826;2,961639714;4,68285701;5,329800672
Veere;GM0717;81;79;61;65;59;3,704042436;3,603028368;2,777777778;2,96803653;2,698623245
Veldhoven;GM0861;95;114;146;193;223;2,15151172;2,581171037;3,294446826;4,315356408;4,9641601
Velsen;GM0453;155;292;357;323;323;2,305861351;4,347437692;5,292966433;4,776763927;4,763309246
Venlo;GM0983;339;486;563;567;569;3,375552635;4,834089281;5,609189905;5,610583916;5,620974434
Venray;GM0984;141;168;235;295;206;3,270551123;3,888708856;5,428380033;6,771490876;4,752456974
Vianen;GM0620;22;35;31;39;52;1,122678098;1,782803586;1,588684467;1,97828954;2,605340949
Vlaardingen;GM0622;257;275;305;335;348;3,620687226;3,83836974;4,247437611;4,652842401;4,829912146
Vlagtwedde;GM0048;48;77;86;72;74;3,017918893;4,749568221;5,23687736;4,526024642;4,669064294
Vlieland;GM0096;36;12;16;26;9;32,43243243;10,87941976;14,77377655;23,96313364;7,943512798
Vlissingen;GM0718;502;324;350;425;372;11,29511295;7,28335394;7,873838609;9,57336577;8,361617478
Voerendaal;GM0986;16;15;16;19;31;1,284727798;1,209970154;1,281845858;1,52463489;2,501815834
Voorschoten;GM0626;51;66;87;71;103;2,044006252;2,624254473;3,450874618;2,804661268;4,046356315
Voorst;GM0285;44;54;53;91;103;1,851306433;2,258185924;2,209806538;3,76048597;4,237288136
Vught;GM0865;95;119;118;137;167;3,705437242;4,602947434;4,543179456;5,232402704;6,317382258
Waalre;GM0866;25;28;32;32;21;1,491201909;1,659357592;1,879809669;1,893715233;1,22972419
Waalwijk;GM0867;72;84;121;145;159;1,548453697;1,79821463;2,573318305;3,058426492;3,331517412
Waddinxveen;GM0627;111;134;163;131;177;4,351575976;5,222746229;6,251917766;4,93668978;6,423050405
Wageningen;GM0289;127;200;176;198;188;3,393090919;5,292965649;4,65153157;5,14847366;4,898384575
Wassenaar;GM0629;37;54;48;46;55;1,441090555;2,098635887;1,854355805;1,765496066;2,107118228
Waterland;GM0852;24;31;64;41;36;1,400723707;1,808318264;3,698566805;2,371312898;2,085747393
Weert;GM0988;122;151;213;214;299;2,504053693;3,087050742;4,33808554;4,316778957;5,995107671
Weesp;GM0457;47;30;28;50;45;2,586396654;1,635055592;1,507645919;2,666524452;2,348397871
Werkendam;GM0870;24;31;39;58;57;0,909538788;1,171934069;1,470200173;2,160631799;2,112832678
West Maas en Waal;GM0668;12;9;44;22;37;0,651501167;0,484652666;2,353822286;1,168969182;1,956947162
Westerveld;GM1701;30;67;79;48;40;1,584534939;3,510610427;4,171066526;2,515195976;2,087573717
Westervoort;GM0293;35;37;53;75;57;2,31206236;2,467982924;3,533097793;5,003001801;3,794434829
Westland;GM1783;126;140;143;183;297;1,220445366;1,342256141;1,36242378;1,732429567;2,763099137
Weststellingwerf;GM0098;110;154;231;129;111;4,321521175;6,033300686;9,051724138;5,037488285;4,315707621
Westvoorne;GM0614;22;33;36;38;38;1,575479805;2,343250728;2,535746989;2,665357368;2,617981399
Wierden;GM0189;23;32;31;64;72;0,961980844;1,340370277;1,294255177;2,641898865;2,966747703
Wijchen;GM0296;92;80;125;84;88;2,241551544;1,956659981;3,062674572;2,054995596;2,154644728
Wijdemeren;GM1696;48;55;36;47;30;2,070125501;2,373144632;1,546723953;2,004520834;1,267748479
Wijk bij Duurstede;GM0352;25;36;43;36;61;1,084928178;1,550254069;1,838864181;1,531784529;2,574708762
Winsum;GM0053;17;26;28;31;21;1,227436823;1,887614346;2,053839947;2,280082377;1,549243821
Winterswijk;GM0294;139;192;240;176;197;4,812852741;6,625944715;8,29330661;6,087437742;6,791932425
Woensdrecht;GM0873;19;20;20;31;33;0,878775265;0,924043615;0,922424131;1,419608921;1,513275554
Woerden;GM0632;117;119;129;141;131;2,313304466;2,350338725;2,521451887;2,737173141;2,530667439
Wormerland;GM0880;27;35;38;48;61;1,711351968;2,223634053;2,425944842;3,034134008;3,81178529
Woudenberg;GM0351;14;29;27;31;54;1,127032684;2,322415312;2,151394422;2,440752697;4,146828444
Woudrichem;GM0874;14;7;38;69;43;0,970537262;0,486516542;2,617440419;4,745855974;2,937961192
Zaanstad;GM0479;346;432;421;504;489;2,297507271;2,853029362;2,761271365;3,279563245;3,158384251
Zaltbommel;GM0297;36;46;72;64;92;1,324405857;1,68140946;2,614094325;2,30813618;3,28313468
Zandvoort;GM0473;93;85;181;180;168;5,610859729;5,092259765;10,77894235;10,65151784;9,902157256
Zederik;GM0707;4;11;21;10;11;0,292911541;0,801924619;1,530835399;0,722438954;0,785433774
Zeewolde;GM0050;49;23;28;73;58;2,279175776;1,050516123;1,266223488;3,250656811;2,59021079
Zeist;GM0355;218;297;359;410;396;3,559183673;4,818221638;5,766327219;6,525545122;6,251973476
Zevenaar;GM0299;145;110;95;104;94;4,491528049;3,409267008;2,944001983;3,211958368;2,885559921
Zoetermeer;GM0637;232;256;296;268;369;1,877615105;2,06409998;2,385038717;2,148072746;2,958651048
Zoeterwoude;GM0638;4;11;15;10;27;0,495356037;1,355681538;1,847518167;1,195171507;3,207031714
Zuidhorn;GM0056;30;38;30;48;44;1,597869507;2,028505845;1,596254124;2,545203881;2,325212704
Zuidplas;GM1892;93;93;92;84;126;2,274283478;2,281033087;2,247355693;2,025658339;3,007518797
Zundert;GM0879;25;17;22;33;96;1,168278892;0,795768385;1,023827252;1,523756753;4,460137521
Zutphen;GM0301;398;347;320;392;404;8,43863964;7,406774958;6,808945252;8,28052387;8,495783652
Zwartewaterland;GM1896;62;49;43;67;38;2,796950422;2,2105928;1,93015531;3,003272222;1,691294285
Zwijndrecht;GM0642;124;142;204;171;179;2,783576896;3,190939529;4,589013362;3,849877299;4,016064257
Zwolle;GM0193;500;479;640;726;811;4,059792626;3,867238275;5,124263387;5,782648867;6,428446868